Data,Otwarcie,Najwyzszy,Najnizszy,Zamkniecie,Wolumen
2016-12-16,1913.05,1927.9,1903.57,1918.54,59526031
2016-12-19,1915.46,1929.48,1893.02,1924.67,28448920
2016-12-20,1929.47,1948.4,1929.47,1940.46,36354598
2016-12-21,1941.74,1952.86,1925.43,1927.9,26558440
2016-12-22,1927.7,1944.84,1914.23,1943.73,25241792
2016-12-23,1942.49,1955.42,1927.03,1933.6,12806768
2016-12-27,1933.1,1939.56,1930.21,1936.72,6557708
2016-12-28,1935.38,1945.77,1924.02,1932.75,18109174
2016-12-29,1934.69,1946.32,1931.44,1946.32,15662597
2016-12-30,1948.89,1957.17,1945.23,1947.92,16145079
2017-01-02,1947.54,1963.54,1937.24,1956.72,7933681
2017-01-03,1961.73,1990.4,1961.73,1989.64,25913047
2017-01-04,1991.97,2001.91,1981.29,1999.93,25643848
2017-01-05,1994.72,2007.15,1986.53,1998.76,27693819
2017-01-09,1999.15,2009.19,1991.08,2009.19,24813048
2017-01-10,2007.4,2034.03,2007.4,2023.64,28956830
2017-01-11,2024.89,2033.43,2010.45,2030.64,33749999
2017-01-12,2029.68,2044.59,2015.98,2022.95,31726069
2017-01-13,2023.01,2027.02,2007.24,2015.89,22310505
2017-01-16,2013.32,2033.73,2002.09,2025.25,19712924
2017-01-17,2026.4,2026.4,2012.61,2015.28,18011851
2017-01-18,2018.57,2021.84,2005.65,2005.65,25378612
2017-01-19,2005.6,2020.12,2005.49,2015.47,17609117
2017-01-20,2015.31,2027.35,2006.01,2006.01,22934976
2017-01-23,2004.04,2007.59,1991.36,1991.36,14323802
2017-01-24,1994.53,2013.45,1985.66,2013.17,22832370
2017-01-25,2015.01,2080.98,2015.01,2079.15,31111078
2017-01-26,2086.78,2101.66,2074.26,2080.4,57201144
2017-01-27,2078.43,2087.72,2064.85,2084.05,24071241
2017-01-30,2082.83,2088.55,2051.49,2051.49,16549519
2017-01-31,2052.23,2074.86,2051.06,2056.83,23020800
2017-02-01,2065.94,2090.58,2065.94,2079.1,23564712
2017-02-02,2078.01,2079.66,2062.38,2065.14,18037770
2017-02-03,2065.59,2076.26,2060.17,2076.12,19227025
2017-02-06,2078.45,2096.99,2072.75,2089.61,19397350
2017-02-07,2089.06,2096.61,2078.29,2086.54,16986382
2017-02-08,2087.15,2091.32,2075.54,2083.65,25640046
2017-02-09,2092.88,2138.41,2090.98,2132.4,38869671
2017-02-10,2144.56,2159.87,2144.56,2154.79,40919647
2017-02-13,2161.17,2186.24,2157.79,2179.66,30744200
2017-02-14,2181.34,2186.18,2160.9,2173.76,64235026
2017-02-15,2180.23,2191.14,2162.71,2184.33,46522131
2017-02-16,2185.44,2225.04,2176.09,2215.36,50313620
2017-02-17,2214.85,2219.09,2181.51,2188.3,32846468
2017-02-20,2193.39,2200.49,2186.28,2192.79,14252190
2017-02-21,2192.53,2248.52,2192.18,2248.52,27478572
2017-02-22,2252.57,2260.77,2231.02,2251.02,26211709
2017-02-23,2249.81,2272.01,2241.82,2256.01,26058113
2017-02-24,2252.39,2253.93,2202.39,2212.04,29656618
2017-02-27,2212.87,2223.76,2199.4,2210.26,18271128
2017-02-28,2214.22,2216.98,2187.79,2191.25,32147756
2017-03-01,2195.25,2259.6,2195.25,2253.96,33219483
2017-03-02,2256.56,2269.47,2241.45,2254.51,38923722
2017-03-03,2244.31,2248.09,2228.38,2232.98,35069211
2017-03-06,2232.66,2240.03,2211.05,2217.41,23454376
2017-03-07,2212.81,2217.31,2198.21,2200.98,27289266
2017-03-08,2196.62,2216.67,2196.62,2213.24,24394432
2017-03-09,2215.88,2215.88,2167.04,2189.66,33497573
2017-03-10,2195.42,2224.01,2195.42,2200.03,24594189
2017-03-13,2200.2,2242.55,2200.2,2242.55,21398510
2017-03-14,2242.95,2249.26,2228.74,2238.38,34980452
2017-03-15,2244.71,2246.33,2228.72,2229.87,26088999
2017-03-16,2246.85,2285.17,2246.85,2283.7,30882447
2017-03-17,2285.74,2308.92,2284.23,2296.97,62883209
2017-03-20,2294.85,2295.07,2265.28,2281.45,16461569
2017-03-21,2280.19,2301.34,2243.34,2252.57,25935929
2017-03-22,2230.81,2230.81,2204.96,2223.84,25580730
2017-03-23,2216.35,2236.92,2213.96,2235.33,24460096
2017-03-24,2235.16,2245.11,2222.71,2234.82,14353562
2017-03-27,2215.3,2215.3,2189.23,2201.88,15550507
2017-03-28,2209.06,2225.41,2208.01,2225.41,20395136
2017-03-29,2235.73,2246.31,2202.8,2214.45,22060664
2017-03-30,2218.61,2221.62,2187.93,2209.1,22104507
2017-03-31,2203.46,2206.23,2175.96,2175.96,25578190
2017-04-03,2188.57,2223.94,2188.57,2219.88,15253292
2017-04-04,2215.65,2245.98,2212.81,2239.3,16056012
2017-04-05,2238.79,2262.18,2237.34,2253.64,19887374
2017-04-06,2243.86,2254.47,2228.48,2254.47,16506847
2017-04-07,2250.06,2255.72,2233.49,2248.33,17336224
2017-04-10,2250.93,2255.25,2243.26,2244.02,12876184
2017-04-11,2241.61,2253.02,2206.89,2221.82,23443244
2017-04-12,2223.29,2238.45,2212.6,2214.06,22528334
2017-04-13,2216.92,2238.09,2214.26,2233.63,21122349
2017-04-18,2237.96,2259.53,2231.06,2237.36,25384597
2017-04-19,2243.91,2276.46,2243.38,2274.69,29982677
2017-04-20,2273.77,2291.55,2267.55,2285.82,27111821
2017-04-21,2287.86,2300.71,2259.11,2264.07,25878152
2017-04-24,2283.16,2304.25,2283.16,2296.9,19952215
2017-04-25,2300.42,2353.17,2300.42,2353.17,25366154
2017-04-26,2354.17,2387.66,2342.28,2383.97,30797141
2017-04-27,2378.56,2393.45,2371.98,2382.78,26213756
2017-04-28,2384.53,2399.24,2368.94,2376.87,27644705
2017-05-02,2381.68,2398.73,2381.68,2392.09,19789466
2017-05-04,2395.19,2422.31,2365.66,2381,39728578
2017-05-05,2367.91,2385.44,2349.24,2382.17,26507264
2017-05-08,2389.8,2394.29,2360.64,2374.23,19660762
2017-05-09,2378.66,2414.73,2376.17,2413.53,23805914
2017-05-10,2409.88,2419.08,2375.44,2380.25,23425141
2017-05-11,2381.66,2408.99,2361,2364.93,34945317
2017-05-12,2367.93,2374.62,2358.91,2368.5,28745677
2017-05-15,2378.39,2388.7,2361.82,2377.15,16598875
2017-05-16,2375.63,2380.39,2323.57,2340.34,23040908
2017-05-17,2330.87,2337.51,2301.12,2302.21,28726993
2017-05-18,2299.09,2311.2,2263.06,2295.14,22977944
2017-05-19,2297.16,2334.82,2292.35,2328.7,21626569
2017-05-22,2336.02,2346.84,2304.8,2343.13,20461056
2017-05-23,2339.18,2342.23,2305.86,2307.84,18972546
2017-05-24,2305.98,2324.99,2292.01,2324.99,23585504
2017-05-25,2339.54,2363.03,2339.54,2358.41,31903580
2017-05-26,2353.12,2354.58,2326.28,2326.28,16854500
2017-05-29,2326.69,2331.27,2314.7,2323.58,6709810
2017-05-30,2315.74,2315.74,2286.41,2292.27,17732229
2017-05-31,2292.96,2317.62,2277.06,2281.18,49624647
2017-06-01,2283.62,2289.82,2267.37,2278.26,25962936
2017-06-02,2292.38,2303.21,2289.42,2303.21,19614438
2017-06-05,2301.67,2302.4,2271.97,2276.01,16067069
2017-06-06,2270.87,2307.5,2257.98,2303.68,19897901
2017-06-07,2308.36,2328.34,2305.34,2308.64,27352510
2017-06-08,2310.69,2343.56,2300.75,2340.23,24473615
2017-06-09,2339.71,2355.79,2330.72,2330.72,20795133
2017-06-12,2329.9,2329.9,2288.64,2295.01,16466683
2017-06-13,2297.3,2310.42,2284.71,2302.41,16779454
2017-06-14,2301.42,2311.02,2288.64,2295.99,23315258
2017-06-16,2293.17,2315.37,2290.96,2304.5,35238957
2017-06-19,2312.63,2337.06,2312.63,2334.27,26776212
2017-06-20,2327.84,2327.84,2297.65,2302.83,19692102
2017-06-21,2295.92,2319.13,2280.63,2319.13,28205430
2017-06-22,2313.6,2323.43,2300.68,2308.16,18948649
2017-06-23,2305.7,2317.13,2302.88,2304.48,21772871
2017-06-26,2313.84,2351.61,2313.84,2337.69,16791441
2017-06-27,2334.82,2355.53,2332.27,2345.05,23102328
2017-06-28,2343.41,2343.41,2322.38,2327.68,18697601
2017-06-29,2334.5,2350.41,2315.39,2329.26,15564727
2017-06-30,2324.71,2329.24,2297.08,2299.8,20115077
2017-07-03,2305.25,2323.74,2301.55,2323.74,10843440
2017-07-04,2317.64,2317.64,2293.08,2294.27,12065259
2017-07-05,2298.75,2307.87,2294.14,2307.49,19002253
2017-07-06,2309.29,2323.94,2288.76,2300.74,13310858
2017-07-07,2299.26,2306.23,2290.98,2295.82,13058367
2017-07-10,2305.52,2316.01,2290.47,2300.66,13262509
2017-07-11,2303.48,2312.57,2294.2,2297.73,17643061
2017-07-12,2297.08,2343.27,2297.08,2341.54,30946174
2017-07-13,2335.49,2350.83,2333.08,2350.83,32212428
2017-07-14,2349.47,2351.05,2333.11,2350.43,20685827
2017-07-17,2353.46,2379.2,2353.46,2372.17,18412793
2017-07-18,2367.99,2381.08,2355.4,2360.75,18680541
2017-07-19,2364,2378.42,2362.34,2374.31,22258496
2017-07-20,2375.73,2387.1,2357.35,2358.5,24806706
2017-07-21,2356.9,2370.28,2342.42,2343.1,20637206
2017-07-24,2344.63,2345.94,2329.49,2334.69,13867593
2017-07-25,2337.8,2346.12,2328.87,2341.36,25054105
2017-07-26,2344.28,2363.74,2344.28,2360.26,16089710
2017-07-27,2361.54,2363.85,2343.57,2350.91,19418237
2017-07-28,2344.85,2360.83,2331.71,2360.42,23276373
2017-07-31,2357.45,2388.25,2356.82,2374.17,27541587
2017-08-01,2377.03,2387.16,2366.02,2386.4,21992640
2017-08-02,2387.69,2397.4,2363.84,2366.06,23655870
2017-08-03,2365.65,2374.8,2353.22,2365.48,19913048
2017-08-04,2365.84,2385.36,2365.84,2380.16,14221430
2017-08-07,2380.96,2391.39,2376.42,2388.21,12889897
2017-08-08,2387.51,2425.02,2383.14,2425.02,17915206
2017-08-09,2420.38,2420.38,2391.26,2408.11,18513508
2017-08-10,2403.19,2412.2,2378.92,2382.67,20435255
2017-08-11,2373.71,2379.21,2364.3,2371.72,17592427
2017-08-14,2375.77,2388.28,2374.89,2376.66,12262155
2017-08-16,2378.88,2401.17,2378.88,2381.18,24489014
2017-08-17,2378.87,2381.49,2353.18,2353.18,22422140
2017-08-18,2346.8,2359.87,2338.6,2359.87,18983058
2017-08-21,2358.89,2378.2,2350.86,2377.28,18076215
2017-08-22,2380.47,2393.15,2376.43,2387.24,18195791
2017-08-23,2387.52,2395.62,2374.66,2391.06,14965936
2017-08-24,2395.3,2456.82,2395.3,2456.27,28821793
2017-08-25,2464.81,2481.63,2459.27,2471.74,19644957
2017-08-28,2474.13,2534.04,2470.06,2531.31,21492576
2017-08-29,2525.41,2525.41,2479.35,2497.58,23903291
2017-08-30,2507.29,2537.24,2503.35,2524.57,24313159
2017-08-31,2520.23,2532.83,2501.59,2516.26,26150711
2017-09-01,2512.46,2528.82,2508.86,2527.62,15899558
2017-09-04,2513.38,2525.72,2508.27,2519.42,15063183
2017-09-05,2521.04,2550.74,2513.24,2517.45,20397129
2017-09-06,2512.11,2528.3,2506.3,2512.4,18696882
2017-09-07,2511.82,2528.65,2482.13,2491.79,24762483
2017-09-08,2488.67,2499.63,2479.83,2483.58,18177296
2017-09-11,2489.43,2524.21,2489.43,2513.44,17103778
2017-09-12,2518.15,2536.08,2500.09,2505.88,18662828
2017-09-13,2507.73,2522.25,2499.45,2500.16,18009304
2017-09-14,2502.15,2511.08,2498.32,2507.43,20550646
2017-09-15,2507,2514.27,2492.89,2498.32,44024410
2017-09-18,2503.74,2525.41,2497.1,2501.75,15089511
2017-09-19,2495.79,2512.63,2495.79,2502.81,16350884
2017-09-20,2505.52,2518.1,2480.2,2499.63,12881674
2017-09-21,2501.16,2501.16,2464.53,2468.72,18563784
2017-09-22,2464.57,2481.28,2460.28,2480.73,16698350
2017-09-25,2479.08,2485.2,2453.15,2453.15,12084534
2017-09-26,2452.04,2461.48,2437.15,2443.34,14174482
2017-09-27,2447.67,2456.47,2430.03,2433.82,12196405
2017-09-28,2430.81,2440.4,2422.97,2427.04,18051118
2017-09-29,2430.17,2462.04,2430.17,2453.46,19541273
2017-10-02,2459.84,2480.47,2456.08,2469.58,15273199
2017-10-03,2471.22,2488.67,2465.9,2469.51,19843352
2017-10-04,2470.39,2489.93,2443.82,2444.19,25133969
2017-10-05,2444.16,2469.8,2439.73,2463.45,17932630
2017-10-06,2466,2485.35,2463.56,2479.46,20003941
2017-10-09,2483.61,2499.35,2479.67,2499.35,11981485
2017-10-10,2506.81,2519.73,2503.89,2516.49,15674573
2017-10-11,2520.81,2556.95,2519.87,2551.78,32741288
2017-10-12,2557.48,2566.02,2536.52,2537.69,21374117
2017-10-13,2538.56,2546.32,2528.16,2528.16,14280377
2017-10-16,2528.44,2546.95,2528.44,2534.52,15732315
2017-10-17,2534.17,2538.75,2514.36,2514.36,20081572
2017-10-18,2518.16,2526.25,2502.34,2502.34,18134740
2017-10-19,2490.24,2501.36,2465.78,2467.49,20080841
2017-10-20,2473.82,2486.56,2457.52,2465.51,19161334
2017-10-23,2466.64,2487.81,2466.64,2473.42,14757641
2017-10-24,2468.98,2474.35,2447.09,2448.45,20890244
2017-10-25,2449.02,2466.39,2443.27,2449.89,13708375
2017-10-26,2452.47,2463.63,2441.88,2456.17,30666074
2017-10-27,2462.46,2492.93,2454.83,2488.5,25518363
2017-10-30,2490.8,2521.41,2490.8,2517.03,12461231
2017-10-31,2514.24,2524.9,2504.11,2524.9,15668991
2017-11-02,2524.52,2532.85,2496.85,2501.4,15111578
2017-11-03,2503.49,2509.59,2483.21,2494.52,16356788
2017-11-06,2497.52,2522.12,2486.33,2515.34,14099583
2017-11-07,2521.05,2566.59,2521.05,2536.37,23705386
2017-11-08,2545.38,2548.95,2512.4,2513.34,20131826
2017-11-09,2513.25,2513.88,2466.03,2478.21,20885908
2017-11-10,2477.93,2482.26,2456.04,2457.62,26890891
2017-11-13,2458.9,2472.26,2442.08,2454.6,26688370
2017-11-14,2464.53,2477.1,2456.17,2464.35,20013919
2017-11-15,2460.26,2460.26,2412.78,2418.96,17079680
2017-11-16,2428.52,2438.67,2409.42,2411.11,24881517
2017-11-17,2412.64,2445.7,2410.81,2443.83,13232085
2017-11-20,2438.15,2470.34,2431.37,2468.09,14080013
2017-11-21,2469.21,2496.62,2465.91,2489.08,21240636
2017-11-22,2490.63,2500.37,2472.85,2489.5,18166710
2017-11-23,2482.04,2514.94,2473.79,2503.93,11572042
2017-11-24,2502.59,2518.04,2478.62,2479.25,11566354
2017-11-27,2477.97,2504.29,2471.74,2497.15,13570449
2017-11-28,2494.79,2498.45,2473.94,2485.71,18230603
2017-11-29,2491.96,2506.2,2436.24,2436.24,17024671
2017-11-30,2436.48,2449.14,2408.69,2408.69,44732462
2017-12-01,2411.13,2430.44,2376.91,2389.92,20569569
2017-12-04,2392.69,2424.97,2370.52,2404.15,18495602
2017-12-05,2403.25,2423.52,2396.6,2407.72,16610992
2017-12-06,2400.9,2405.69,2383.18,2394.67,28557507
2017-12-07,2396.49,2414,2378.22,2393.34,30207862
2017-12-08,2400.6,2426.9,2397.88,2408.83,24553428
2017-12-11,2410.81,2417.3,2381.8,2386.93,13452021
2017-12-12,2385.06,2413.68,2375.2,2413.68,23133977
2017-12-13,2411.34,2415.97,2400.94,2409.46,16886531
2017-12-14,2405.42,2434.61,2404.08,2434.61,25027430
2017-12-15,2430.72,2432.48,2402.95,2416.95,39453558
2017-12-18,2420.28,2466.08,2420.28,2466.08,16866578
2017-12-19,2465.96,2478.97,2455.99,2455.99,14650308
2017-12-20,2455.5,2473.47,2453.77,2459.33,16781086
2017-12-21,2460.57,2467.89,2450.37,2463.59,14932691
2017-12-22,2462.69,2468.27,2445.65,2445.65,10108301
2017-12-27,2445.51,2480.63,2445.51,2480.63,16984290
2017-12-28,2475.48,2484.41,2464.31,2480.25,14429626
2017-12-29,2479.48,2481.71,2452.07,2461.21,14249523
2018-01-03,2463.26,2474.76,2430.69,2463.25,20684563
2018-01-04,2473.23,2536.84,2473.23,2533.17,30459124
2018-01-05,2530.77,2538.34,2514.09,2529.55,24857953
2018-01-08,2534.53,2551.32,2529.45,2548.61,20115690
2018-01-09,2552.5,2555.69,2522.21,2528.38,23981600
2018-01-10,2531.05,2531.6,2499.76,2511.27,20884553
2018-01-11,2517.35,2534.56,2504.67,2534.56,24590451
2018-01-12,2536.81,2550.79,2527.02,2539.29,17336808
2018-01-15,2535.37,2546.66,2523.83,2542.65,9109497
2018-01-16,2541.61,2602.34,2529.68,2591.1,30688753
2018-01-17,2587.72,2606.59,2584.69,2600.37,20608070
2018-01-18,2604.79,2610.63,2591.22,2591.22,17710495
2018-01-19,2592.75,2604.46,2589.89,2601.82,14913658
2018-01-22,2600.44,2621.93,2599.95,2620.87,17117639
2018-01-23,2629.53,2650.16,2613.07,2630.37,28512840
2018-01-24,2629.4,2630.21,2606.34,2621.59,19309927
2018-01-25,2614.92,2616.47,2587.95,2589.3,20922649
2018-01-26,2592.23,2601.99,2587.26,2600.48,19188796
2018-01-29,2599.2,2607.83,2583.4,2593.4,14459321
2018-01-30,2581.75,2581.75,2557.59,2566.14,17764773
2018-01-31,2565.29,2577.48,2553.81,2553.81,17988261
2018-02-01,2558.83,2580.23,2511.05,2534.21,17526649
2018-02-02,2526.55,2530.02,2502.95,2507.24,17744079
2018-02-05,2492.39,2508.7,2482.56,2505.98,17943951
2018-02-06,2445.53,2450.47,2401.89,2412.03,32490058
2018-02-07,2426.89,2441.67,2421.19,2441.67,26692347
2018-02-08,2440.29,2445.8,2406.48,2406.48,21040292
2018-02-09,2396.78,2409.64,2375.41,2382.79,32361862
2018-02-12,2402.18,2430.88,2402.18,2414.41,15319638
2018-02-13,2417.65,2431.67,2416.23,2431.67,19282376
2018-02-14,2439.12,2449.79,2413.79,2449.79,19553217
2018-02-15,2461.15,2473.58,2423.57,2423.57,17931321
2018-02-16,2445.4,2448.61,2396.54,2406.96,13445801
2018-02-19,2409.93,2420.91,2399.39,2408.49,7388012
2018-02-20,2404.56,2415.33,2392.16,2413.23,7938083
2018-02-21,2409.27,2411.07,2392.71,2405.47,18149909
2018-02-22,2389.87,2416.42,2372.06,2410.69,26234283
2018-02-23,2412.41,2427.26,2393.61,2406.11,16006759
2018-02-26,2418.02,2429.68,2403.09,2408.63,11836372
2018-02-27,2417.07,2429.65,2411.49,2421.51,23939840
2018-02-28,2410.71,2410.71,2364.32,2364.32,34958242
2018-03-01,2361.73,2365.51,2316.63,2334.96,30069522
2018-03-02,2327.98,2330.15,2298.69,2314.23,23190408
2018-03-05,2303.1,2330.1,2296.48,2330.1,14018445
2018-03-06,2344.54,2351.07,2331.3,2339.51,18832716
2018-03-07,2327.37,2363.38,2317.42,2359.57,25345728
2018-03-08,2362.53,2362.53,2320.21,2322.09,23039122
2018-03-09,2322.03,2354.54,2295.87,2354.54,23878302
2018-03-12,2362.62,2380.48,2359.56,2378.72,17165272
2018-03-13,2379.28,2380.12,2349.35,2353.02,23987095
2018-03-14,2353.74,2355.06,2332.48,2335.97,28553855
2018-03-15,2343.78,2354.45,2319.47,2321.87,21050176
2018-03-16,2320.19,2324.41,2280.75,2285.08,62261625
2018-03-19,2285.14,2291,2248.53,2248.53,16195571
2018-03-20,2250.26,2278.69,2237.96,2272.09,22177164
2018-03-21,2268.87,2322.94,2268.87,2320.77,26436072
2018-03-22,2313.07,2329.54,2266.96,2274.1,28591145
2018-03-23,2254.88,2265.16,2230.87,2257.22,22170863
2018-03-26,2260.83,2270.45,2238.74,2240.65,16786155
2018-03-27,2258.98,2283.33,2246.32,2246.32,19027476
2018-03-28,2238.85,2238.85,2192.91,2203.7,28633261
2018-03-29,2215.94,2227.06,2210.26,2210.38,17310444
2018-04-03,2211.17,2249.4,2199.53,2239.15,18921365
2018-04-04,2238.25,2238.25,2197.99,2200.99,20729188
2018-04-05,2222.86,2247.25,2222.86,2243.58,16919528
2018-04-06,2244.33,2268.22,2231.61,2258.8,16916600
2018-04-09,2261.72,2288.2,2248.23,2262.16,23026883
2018-04-10,2280.21,2287.35,2253.65,2274.81,30394054
2018-04-11,2274.22,2287.53,2254.2,2271.93,25202177
2018-04-12,2270.78,2310.67,2267.99,2306.44,21914999
2018-04-13,2310.75,2321.97,2304.72,2310.32,18521659
2018-04-16,2311.13,2313.96,2291.08,2300.2,10682603
2018-04-17,2304.58,2310.61,2291.39,2307.95,16627257
2018-04-18,2306.43,2316.06,2293.11,2315.5,20963469
2018-04-19,2310.94,2341.94,2308.03,2324.73,17008390
2018-04-20,2322.32,2334.22,2298.2,2298.2,21450260
2018-04-23,2299.31,2309.34,2289.68,2291.59,17634832
2018-04-24,2296.24,2315.26,2269.06,2269.06,20941112
2018-04-25,2266.88,2276.97,2253.15,2257,20466343
2018-04-26,2257.11,2284.31,2253.3,2283.15,18865261
2018-04-27,2286.49,2291.15,2271.05,2276.41,16392986
2018-04-30,2277.25,2298.23,2277.11,2291.87,12114602
2018-05-02,2291.87,2306.05,2284.35,2291.92,15073914
2018-05-04,2280.5,2280.5,2227.94,2233.35,18285048
2018-05-07,2242.8,2251.42,2213.06,2214.36,11497852
2018-05-08,2215.62,2236.4,2210.68,2236.4,26740130
2018-05-09,2236.49,2282,2236.49,2281.12,22327696
2018-05-10,2292.11,2311.55,2279.41,2302.71,26545502
2018-05-11,2303.97,2329.36,2299.44,2329.36,16771590
2018-05-14,2328.58,2333.07,2308.97,2321.09,15057691
2018-05-15,2311.71,2311.71,2273.5,2276.45,37033002
2018-05-16,2278.96,2278.96,2254.88,2275.91,21012834
2018-05-17,2269.54,2280.22,2253.6,2255.78,23789484
2018-05-18,2256.15,2268.61,2222.17,2230.32,21799223
2018-05-21,2231.47,2272.61,2231.47,2268.39,16848588
2018-05-22,2267.88,2269.15,2237.66,2248.71,19612175
2018-05-23,2242.19,2242.19,2200.81,2209.32,28548637
2018-05-24,2212.23,2241.43,2208.72,2213.26,30163221
2018-05-25,2216.49,2226,2196.02,2213.24,29693344
2018-05-28,2214.87,2232.88,2204.55,2217.87,12348420
2018-05-29,2208.65,2208.65,2161.35,2191.95,36309856
2018-05-30,2186.58,2186.58,2151.5,2157.07,159374900
2018-06-01,2158,2190.26,2144.73,2190.26,30134367
2018-06-04,2198.46,2221.05,2198.35,2210.1,20707694
2018-06-05,2217.1,2255.95,2197.38,2255.95,24148980
2018-06-06,2259.34,2266.11,2247.02,2256.67,23621089
2018-06-07,2267.32,2287.02,2260.17,2270.75,24576734
2018-06-08,2260.53,2260.53,2244.42,2250.06,17546792
2018-06-11,2259.61,2266.29,2229.68,2234.52,13890412
2018-06-12,2237.53,2256.63,2235.84,2252.39,17687950
2018-06-13,2256.86,2256.86,2227.14,2238.94,23765149
2018-06-14,2232.51,2247.99,2219.84,2238.39,18220100
2018-06-15,2240.09,2245.12,2203.01,2203.01,47615526
2018-06-18,2203.75,2209.5,2146.34,2150.98,15522433
2018-06-19,2137.66,2137.66,2108.1,2120.75,23457249
2018-06-20,2126.96,2176.46,2126.96,2154.18,16667292
2018-06-21,2159.39,2167.56,2127.92,2150.91,19893957
2018-06-22,2158.13,2174.15,2155.02,2162.88,21100094
2018-06-25,2154.93,2177.65,2149.03,2155.9,18592500
2018-06-26,2156.24,2174.11,2151.81,2153.4,18245830
2018-06-27,2149.33,2154.87,2129.8,2143.25,19418575
2018-06-28,2141.71,2141.71,2096.93,2098.75,19639940
2018-06-29,2111.05,2135.47,2111.05,2135.47,21960104
2018-07-02,2119.7,2125.11,2097.76,2119.31,15836242
2018-07-03,2125.36,2162.03,2123.69,2160.24,12363487
2018-07-04,2156.43,2182.51,2156.39,2182.51,9607409
2018-07-05,2164.27,2184.32,2154.51,2156.59,13916390
2018-07-06,2158.24,2165.15,2148.83,2152.06,14266167
2018-07-09,2162.62,2174.69,2141.14,2151.7,11232643
2018-07-10,2154.32,2194.86,2144.66,2177.67,20828950
2018-07-11,2171.87,2171.87,2150.88,2154.28,13982675
2018-07-12,2160.13,2169.94,2157.49,2161.2,13201054
2018-07-13,2169.37,2173.75,2147.66,2157.14,11278845
2018-07-16,2155.15,2165.93,2133.98,2133.98,9572086
2018-07-17,2141.57,2154.62,2132.06,2153.21,16471405
2018-07-18,2155.27,2167.04,2140.81,2149.12,15720475
2018-07-19,2137.6,2150.64,2127.36,2146.82,19914424
2018-07-20,2142.09,2182.92,2138.68,2182.92,24525499
2018-07-23,2189.2,2213.88,2184.77,2204.53,17749877
2018-07-24,2209.65,2249.28,2209.65,2244.27,21409637
2018-07-25,2250.61,2268.2,2236.63,2260.7,15241676
2018-07-26,2263.96,2309.86,2263.96,2304.67,21761558
2018-07-27,2306.43,2309.18,2285.08,2290.77,13807162
2018-07-30,2289.23,2327.77,2281.26,2327.77,15672724
2018-07-31,2322.89,2327.2,2294.9,2302.13,22469798
2018-08-01,2304.04,2315.48,2278.54,2315.48,19268130
2018-08-02,2309.85,2309.85,2278.44,2283.94,14948812
2018-08-03,2284.28,2301.97,2277.56,2286.92,10677341
2018-08-06,2290.1,2295.82,2267.3,2295.82,8405164
2018-08-07,2295.3,2309.59,2291.68,2304.11,11833275
2018-08-08,2321.55,2331.79,2301.11,2307.12,21388375
2018-08-09,2308.44,2324.73,2292.39,2324.73,13225627
2018-08-10,2308.65,2308.65,2247.15,2247.15,24704314
2018-08-13,2243.43,2271.34,2230.73,2260.88,16502908
2018-08-14,2268.7,2285.87,2252.28,2272.73,12656279
2018-08-16,2262.45,2268.24,2244.42,2262.1,18812432
2018-08-17,2265.39,2265.39,2217.74,2217.74,16081282
2018-08-20,2225.55,2243.71,2225.55,2236.08,16505716
2018-08-21,2241.25,2286.19,2241.25,2281.02,14055415
2018-08-22,2275.86,2308.85,2272.72,2295.63,20831193
2018-08-23,2295.14,2331.93,2285.59,2322.86,27521516
2018-08-24,2322.94,2322.94,2308.45,2312.7,15801181
2018-08-27,2318.85,2372.83,2318.85,2369.97,17890851
2018-08-28,2374.8,2395.77,2361.78,2390.42,19468742
2018-08-29,2386.53,2390.36,2375.47,2380.68,25961500
2018-08-30,2381.65,2387.65,2352.67,2353.92,24803503
2018-08-31,2348.6,2352.7,2333.37,2337.96,23794516
2018-09-03,2340.08,2370.82,2337.21,2355.67,14019698
2018-09-04,2361.39,2377.02,2312.13,2321.24,25190843
2018-09-05,2320.8,2325.39,2295.51,2295.51,32082177
2018-09-06,2291.67,2313.51,2290.73,2293.01,22388056
2018-09-07,2294.98,2303.91,2253.47,2257.3,24016475
2018-09-10,2258.76,2274.96,2251.92,2270.83,18998699
2018-09-11,2262.79,2271.93,2234.38,2248.35,27933088
2018-09-12,2252.17,2264.81,2210.16,2210.16,38305795
2018-09-13,2213.26,2250.11,2213.26,2233.46,23603015
2018-09-14,2243.41,2250.02,2217.53,2232.07,16888313
2018-09-17,2230.43,2231.99,2209.37,2210.99,21584577
2018-09-18,2209.74,2248.51,2209.74,2231.04,20440315
2018-09-19,2239.49,2269.89,2221.57,2259.1,31898025
2018-09-20,2261.41,2272.24,2253.6,2258.63,26680815
2018-09-21,2266.96,2286.76,2256.52,2257.47,143565896
2018-09-24,2261.65,2283.58,2261.65,2280.6,23647381
2018-09-25,2285.8,2310.95,2280.16,2290.19,20454785
2018-09-26,2292.73,2304.45,2285.3,2304.45,18929531
2018-09-27,2300.58,2315.07,2284.49,2315.07,20965780
2018-09-28,2304.24,2310.37,2258.47,2285.11,27172887
2018-10-01,2290.8,2320.98,2281.78,2284.01,13923278
2018-10-02,2272.46,2280.04,2259.38,2280.04,17249613
2018-10-03,2288.11,2305.09,2283.55,2298.2,24317758
2018-10-04,2289.13,2297.06,2268.78,2275.65,26511723
2018-10-05,2275.35,2278.81,2256.83,2264.2,23637219
2018-10-08,2259.71,2259.71,2224.13,2224.13,17477718
2018-10-09,2221.83,2257.31,2220.12,2251.32,19090836
2018-10-10,2254.22,2257.03,2192.51,2197.34,22302437
2018-10-11,2170.37,2181.01,2144,2159.88,25756848
2018-10-12,2174.35,2195.33,2174.35,2186.62,23949953
2018-10-15,2192.17,2194.5,2164.36,2170.05,17478382
2018-10-16,2176.49,2216.8,2176.49,2216.8,22094253
2018-10-17,2225.11,2234.08,2184.03,2199.53,23449412
2018-10-18,2197.47,2207.43,2180.35,2188.1,16966981
2018-10-19,2190.1,2202.16,2167.21,2196.99,16628625
2018-10-22,2203.23,2211.52,2179.33,2193.08,16546801
2018-10-23,2178.47,2178.47,2147.81,2147.81,19305273
2018-10-24,2152.52,2162.72,2144.4,2144.4,19779407
2018-10-25,2124.47,2144.86,2111.64,2142.69,20408440
2018-10-26,2139.9,2139.9,2082.77,2082.77,17914773
2018-10-29,2089.53,2118.48,2089.4,2103.72,13904761
2018-10-30,2104.5,2122.73,2092.18,2122.73,15077256
2018-10-31,2132,2151.88,2132,2151.88,30174419
2018-11-02,2169.62,2208.49,2169.62,2197.68,22661281
2018-11-05,2196.65,2234.79,2188.99,2233.74,15281896
2018-11-06,2237.84,2239.2,2214.47,2230.34,16632609
2018-11-07,2227.66,2282.59,2227.53,2276.65,24830888
2018-11-08,2280.1,2294.15,2258.19,2262.84,21974195
2018-11-09,2259.66,2259.66,2223.95,2232.25,16557395
2018-11-13,2230.91,2242.91,2209.34,2217.97,18259480
2018-11-14,2206.38,2243.42,2191.98,2231.9,24874810
2018-11-15,2237.44,2254.49,2202.91,2202.91,35404744
2018-11-16,2208.77,2221.69,2137.46,2165.46,40367263
2018-11-19,2173.2,2189.73,2152.58,2189.73,27279627
2018-11-20,2181.11,2195.17,2150.91,2160.57,29176585
2018-11-21,2167.92,2220.2,2167.92,2219.62,31292653
2018-11-22,2218.09,2241.04,2207.02,2236.35,17730119
2018-11-23,2234.74,2238.44,2209.33,2225.39,11226411
2018-11-26,2229.64,2245.08,2202.37,2213.57,15951481
2018-11-27,2215.58,2227.11,2202.99,2222.85,17080057
2018-11-28,2222.61,2268.14,2222.61,2264.51,25760476
2018-11-29,2273.83,2303.37,2273.83,2303.37,22752154
2018-11-30,2300.37,2300.37,2267.95,2291.08,34725362
2018-12-03,2310.75,2334.22,2310.75,2329.37,29918140
2018-12-04,2322.24,2344.91,2311.83,2344.91,37195668
2018-12-05,2319.32,2355.29,2296.26,2354.54,36548200
2018-12-06,2335.28,2335.28,2290.52,2294.34,32443515
2018-12-07,2300.79,2320.4,2273.31,2281.54,22011552
2018-12-10,2274.51,2282.05,2241.91,2242.1,17081467
2018-12-11,2252.7,2264.54,2221.37,2221.37,29514762
2018-12-12,2228.58,2275.19,2227.89,2275.15,39814158
2018-12-13,2282.77,2314.09,2267.53,2310.66,32714897
2018-12-14,2297.17,2314.12,2282.43,2303.41,22124646
2018-12-17,2296.79,2308.55,2281.45,2281.87,20756145
2018-12-18,2273.02,2317.59,2264.35,2315.18,26101311
2018-12-19,2312.49,2344.11,2309.47,2342.81,28897699
2018-12-20,2327.49,2327.49,2295.4,2306.68,33393058
2018-12-21,2303.95,2307,2226.52,2259.77,69876976
2018-12-27,2279.04,2288.31,2248.23,2251.38,15779847
2018-12-28,2253.05,2281.37,2253.05,2276.63,17139836
2019-01-02,2275.35,2303.24,2243.92,2301.62,15522133
2019-01-03,2293.47,2293.47,2243.05,2247.22,18449644
2019-01-04,2257.4,2289.19,2257.4,2284.95,19543174
2019-01-07,2292.76,2331.45,2292.76,2331.45,29453503
2019-01-08,2330.42,2330.42,2303.05,2325.19,26789886
2019-01-09,2329.09,2341.84,2321.96,2341.84,30379782
2019-01-10,2331.87,2335.6,2305.97,2335.31,22732382
2019-01-11,2343.73,2364.28,2322.14,2335.1,27211263
2019-01-14,2326.24,2334.3,2310.84,2327.66,21572221
2019-01-15,2336.51,2350.86,2323.57,2344.56,20069983
2019-01-16,2349.89,2364.17,2340.33,2364.17,21252985
2019-01-17,2358.94,2372.09,2351.72,2358.97,21895608
2019-01-18,2366.69,2380.73,2357.34,2377.87,25825938
2019-01-21,2379.21,2379.21,2349.47,2358.3,10396198
2019-01-22,2349.91,2369.68,2344.35,2359.23,19785079
2019-01-23,2360.17,2415.67,2353.25,2407.09,30598430
2019-01-24,2410.22,2420.94,2388.59,2406.38,26494755
2019-01-25,2413.12,2418.41,2390.85,2398.74,30212307
2019-01-28,2399.77,2400.76,2354.8,2370.62,27052126
2019-01-29,2370.79,2388.59,2357.21,2373.3,22353237
2019-01-30,2374.69,2378.83,2348.33,2357.79,22575189
2019-01-31,2367.75,2389.76,2364.08,2380.11,28047137
2019-02-01,2380.44,2393.43,2373.14,2393.43,13854901
2019-02-04,2392.16,2410.9,2380.23,2390.46,18123965
2019-02-05,2393.43,2411.99,2383.96,2409.32,17449872
2019-02-06,2409.89,2420.4,2403.68,2414.41,18795205
2019-02-07,2407.95,2407.95,2367.18,2371.33,14476784
2019-02-08,2365.88,2368.32,2354.11,2354.11,17529892
2019-02-11,2359.1,2378.19,2354.28,2354.28,16268143
2019-02-12,2362.03,2377.01,2356.36,2370.99,16068892
2019-02-13,2374.44,2380.53,2334.87,2346.39,17342535
2019-02-14,2346.67,2352.35,2316.81,2319.92,29705351
2019-02-15,2316.99,2346.99,2314,2338.2,16243183
2019-02-18,2340.2,2345.5,2319.46,2325.67,15050049
2019-02-19,2324.68,2337.54,2313.83,2322.41,15933724
2019-02-20,2327.23,2369.7,2327.23,2369.7,20213105
2019-02-21,2366.6,2375.39,2330.01,2339.85,24780202
2019-02-22,2338.21,2372.82,2338.21,2355.77,23728852
2019-02-25,2358.78,2376.05,2348.42,2371.69,17546290
2019-02-26,2370.55,2370.55,2355.92,2365.93,18129776
2019-02-27,2364.42,2368.09,2331.93,2333.81,15764645
2019-02-28,2336.82,2346.44,2332.23,2332.23,19132541
2019-03-01,2339.97,2349.46,2330.85,2333.11,20112068
2019-03-04,2341.55,2349.08,2321.71,2328.05,25995529
2019-03-05,2325.8,2338.74,2318.81,2321.32,15909279
2019-03-06,2325.09,2329.4,2317,2327.16,20220415
2019-03-07,2326.78,2335.46,2305.25,2308.48,16175290
2019-03-08,2305.19,2305.19,2286.94,2298.97,14503984
2019-03-11,2303.15,2313.54,2297.59,2300.22,17658030
2019-03-12,2312.75,2319.74,2298.8,2310.1,18228820
2019-03-13,2306.15,2316.63,2301.22,2314.79,27007570
2019-03-14,2319.32,2323.52,2310.25,2319.28,17674350
2019-03-15,2323.39,2360.92,2317.73,2346.25,70608206
2019-03-18,2351.02,2358.84,2342.69,2345.84,17179993
2019-03-19,2346.73,2365.96,2346.73,2352.42,18352200
2019-03-20,2353.1,2357.16,2344.13,2351.83,15974697
2019-03-21,2352.81,2359.36,2344.94,2359.02,17889316
2019-03-22,2358.11,2361.06,2319.1,2319.1,15736309
2019-03-25,2314.98,2320.57,2304.66,2312.79,13412020
2019-03-26,2314,2325.05,2312.43,2324.91,12798900
2019-03-27,2326.64,2331.21,2312.75,2315.17,16891636
2019-03-28,2315.21,2325.26,2310.92,2313.77,11713850
2019-03-29,2318.66,2330.52,2304.77,2312.09,26232506
2019-04-01,2325.38,2347.72,2325.38,2340.74,14670200
2019-04-02,2342.08,2382.89,2342.08,2371.14,16645463
2019-04-03,2381.44,2408.37,2381.44,2407.63,20779343
2019-04-04,2404.61,2413.5,2386.49,2388.59,20824124
2019-04-05,2388.47,2408.44,2351.08,2351.08,23736163
2019-04-08,2356.5,2362.51,2349.48,2359.52,14391487
2019-04-09,2364.84,2377.22,2357.72,2367.84,19736792
2019-04-10,2368.97,2391.8,2366.48,2391.8,22589323
2019-04-11,2393.53,2396.5,2371.04,2374.97,16255664
2019-04-12,2381.56,2385.27,2364.83,2366.71,14629625
2019-04-15,2364.12,2372.85,2351.38,2358.19,15284682
2019-04-16,2361.43,2372.18,2357.56,2372.18,21523122
2019-04-17,2374.7,2396.84,2371.3,2378.31,35382692
2019-04-18,2375.24,2375.24,2352.73,2365.36,20175383
2019-04-23,2367.82,2374.48,2361.02,2370.63,10835390
2019-04-24,2371.11,2377.73,2357.21,2372.33,21562740
2019-04-25,2372.75,2372.75,2347.21,2358.76,16941558
2019-04-26,2354.41,2372.25,2352.05,2372.25,13490856
2019-04-29,2377.34,2378.36,2354.99,2368.08,14692822
2019-04-30,2357.54,2360.26,2323.73,2334.21,22858542
2019-05-02,2337.12,2337.12,2317.5,2319.08,15301813
2019-05-06,2301.78,2303.7,2278.96,2290.13,16354805
2019-05-07,2292.05,2293.95,2233.57,2233.8,25055557
2019-05-08,2236.63,2250.19,2217.31,2221.82,22679250
2019-05-09,2218.05,2227.52,2177.76,2179.4,21730364
2019-05-10,2191.75,2210.31,2184.33,2191.91,22665036
2019-05-13,2194.7,2199.9,2153.7,2172.97,19985331
2019-05-14,2184.39,2192.53,2162.4,2163.94,25230002
2019-05-15,2176.3,2181.49,2152.99,2169.18,29226451
2019-05-16,2174.1,2193.89,2162.46,2188.43,21947998
2019-05-17,2187.18,2187.18,2165.97,2184.35,19175312
2019-05-20,2186.97,2189.1,2159.78,2175.51,19882122
2019-05-21,2178.92,2191.28,2173.74,2190.93,22502583
2019-05-22,2193.78,2225.3,2181.14,2214.36,20965698
2019-05-23,2212.6,2212.6,2172.96,2173.09,23235197
2019-05-24,2178.44,2193.7,2175.03,2188.2,18081221
2019-05-27,2191.26,2199.3,2177.84,2189.66,9077091
2019-05-28,2191.17,2215.33,2184.7,2192.87,44697001
2019-05-29,2179.87,2187.54,2162.4,2187.45,32752758
2019-05-30,2190.88,2228.81,2190.88,2221.56,30831212
2019-05-31,2208.43,2239.31,2194.96,2239.31,23223958
2019-06-03,2239.12,2248.09,2227.89,2237.71,15759707
2019-06-04,2237.74,2242.52,2222.32,2233.75,18733701
2019-06-05,2237.23,2242.22,2219.94,2223.27,27022940
2019-06-06,2224.2,2272.07,2222.81,2260.94,43220594
2019-06-07,2260.52,2287.39,2260.52,2280.6,23636701
2019-06-10,2290.4,2296.33,2271.09,2282.51,18082030
2019-06-11,2283.9,2300.92,2275.67,2295.6,29044984
2019-06-12,2290.75,2292.41,2263.68,2282.8,29303418
2019-06-13,2282.72,2310.66,2277.12,2300.2,26105922
2019-06-14,2299.03,2299.09,2283.94,2286.46,20505698
2019-06-17,2286.57,2290.79,2269.87,2276.6,20062371
2019-06-18,2277.52,2325.16,2272.26,2325.16,36181816
2019-06-19,2326.56,2327.46,2316.84,2319.71,22041318
2019-06-21,2324.16,2343.66,2302.71,2308.32,61717378
2019-06-24,2315.79,2332.8,2311.55,2331.08,19030821
2019-06-25,2328.99,2328.99,2296.97,2303.31,29021864
2019-06-26,2308.98,2318.68,2300.51,2317.17,37539552
2019-06-27,2315.73,2347.62,2315.73,2335.13,37401033
2019-06-28,2332.63,2335.26,2323.55,2327.67,19367679
2019-07-01,2338.98,2363.21,2326.49,2329.74,21199057
2019-07-02,2334.6,2341.09,2310.49,2341.09,22876390
2019-07-03,2338.73,2349.15,2330.53,2345.56,19650157
2019-07-04,2350.47,2357.89,2338.9,2356.49,13908735
2019-07-05,2359.39,2359.39,2334.27,2342.01,22830756
2019-07-08,2337.67,2349.35,2326.33,2339.07,22636798
2019-07-09,2325.9,2327.02,2303.2,2312.63,24567522
2019-07-10,2312.32,2340.95,2305.66,2312.77,33895638
2019-07-11,2322.18,2338.33,2308.2,2316.95,23025409
2019-07-12,2323.61,2325.05,2314.42,2315.36,21936314
2019-07-15,2318.56,2334.1,2316.89,2324.21,20051320
2019-07-16,2326.49,2330.5,2317.18,2321.52,30053394
2019-07-17,2317.45,2320.49,2301.63,2306.67,33032265
2019-07-18,2300.65,2324.71,2291.66,2321.41,28496534
2019-07-19,2325.16,2348.86,2325.16,2344.03,28618974
2019-07-22,2345.61,2350.82,2335.3,2342.51,18652552
2019-07-23,2345.76,2348.43,2332.5,2335.86,20204415
2019-07-24,2336.68,2338.95,2327.66,2335.41,22510591
2019-07-25,2341.04,2344.39,2308.32,2310.31,20967100
2019-07-26,2311.51,2314.19,2299.39,2305.79,18087768
2019-07-29,2307.08,2309.53,2282.08,2285.93,15794970
2019-07-30,2273.72,2282.3,2263.92,2263.92,23157688
2019-07-31,2264.64,2285.25,2263.61,2277.37,29655346
2019-08-01,2273.24,2280.8,2236.98,2240.78,27029469
2019-08-02,2232.92,2233.03,2216.51,2216.51,19929333
2019-08-05,2211.89,2211.89,2164.06,2164.14,25318260
2019-08-06,2169.08,2182.2,2155.33,2156.23,28115391
2019-08-07,2163.21,2173.56,2124.85,2138.23,28871726
2019-08-08,2153.17,2169.27,2152.26,2158.88,22715284
2019-08-09,2165.34,2165.83,2119.89,2127.61,26950992
2019-08-12,2134.55,2140.84,2104.12,2109.73,16353035
2019-08-13,2095.17,2153.16,2085.61,2140.19,26859051
2019-08-14,2134.28,2134.48,2078.39,2078.39,25515986
2019-08-16,2085.34,2096.94,2055.7,2064.12,27565519
2019-08-19,2078.8,2110.19,2078.8,2102.23,19005749
2019-08-20,2104.97,2116.59,2087.21,2110.11,23036456
2019-08-21,2108.37,2129.57,2103.87,2105.88,16864747
2019-08-22,2108.88,2126.87,2097,2108.05,22403019
2019-08-23,2115.16,2128.1,2081.07,2103.68,16625572
2019-08-26,2092.33,2109.42,2077.82,2098.41,14030010
2019-08-27,2101.19,2107,2076.51,2095.45,47792244
2019-08-28,2098.88,2107.28,2044.86,2051.44,21934128
2019-08-29,2050.87,2075.4,2047.94,2069.33,18065804
2019-08-30,2072.65,2136.79,2069.86,2135.25,26051393
2019-09-02,2138.35,2147.13,2131.32,2144.48,10916739
2019-09-03,2140.74,2140.74,2097.66,2107.16,18870993
2019-09-04,2122.06,2136.41,2102.36,2102.73,29898106
2019-09-05,2111.47,2122.76,2088.88,2106.89,24072521
2019-09-06,2111.05,2129.97,2108.64,2122.6,17296749
2019-09-09,2124.96,2174.41,2124.96,2174.41,24031978
2019-09-10,2173.79,2189.02,2168.72,2187.8,27349052
2019-09-11,2186.08,2202.44,2179,2189.21,23652931
2019-09-12,2191.97,2205.99,2174.51,2189.07,21926693
2019-09-13,2188.73,2210.7,2187.43,2200.95,16091161
2019-09-16,2198.63,2217.84,2188.3,2217.84,25331963
2019-09-17,2212.71,2214.48,2184.9,2192.71,27699795
2019-09-18,2192.83,2206.8,2186.03,2205.02,25058550
2019-09-19,2200.07,2200.07,2184.93,2191.61,17058693
2019-09-20,2190,2198.29,2164.13,2171.75,47921900
2019-09-23,2167.32,2171.39,2139.34,2147.32,22067731
2019-09-24,2153.62,2183.13,2150.85,2175.24,17408621
2019-09-25,2170.22,2170.22,2144.63,2159.68,20185921
2019-09-26,2161.97,2177.07,2159.78,2172.47,19182144
2019-09-27,2175.46,2190.53,2170.54,2186.31,12465462
2019-09-30,2188.31,2188.77,2162.2,2173.29,16427282
2019-10-01,2175.98,2175.98,2148.55,2152.5,18577628
2019-10-02,2148.62,2148.62,2098.28,2098.28,18837261
2019-10-03,2091.15,2129.53,2076.45,2099.3,24703068
2019-10-04,2101.64,2124.78,2101.64,2121.16,17504852
2019-10-07,2126.9,2126.9,2110.11,2121.87,13984162
2019-10-08,2121.85,2135.75,2113.93,2131.83,19639702
2019-10-09,2136.45,2142.51,2126.6,2134.37,15836471
2019-10-10,2134.52,2136.96,2113.87,2122.99,18221562
2019-10-11,2126.11,2160.85,2125.66,2159.91,16428054
2019-10-14,2162.23,2163.42,2143.33,2148.53,15537342
2019-10-15,2156.95,2161.73,2146.79,2154.8,21337309
2019-10-16,2153.26,2167.1,2151.57,2156.06,22408366
2019-10-17,2160.43,2181.94,2154.17,2173.75,17705640
2019-10-18,2167.19,2168.49,2149.61,2164.75,18868273
2019-10-21,2164.82,2184.64,2160.39,2183.25,16187834
2019-10-22,2184,2212.19,2177.25,2212.15,19247868
2019-10-23,2206.89,2209.58,2198.75,2208.54,13809112
2019-10-24,2206.18,2216.33,2195.82,2208.36,19413477
2019-10-25,2206.68,2206.68,2172.44,2175.27,19871079
2019-10-28,2175.3,2215.02,2175.3,2211.8,17157695
2019-10-29,2210.54,2228.28,2203.17,2227.93,26631371
2019-10-30,2227.02,2230.72,2219.18,2227.38,17684847
2019-10-31,2235.68,2236.95,2188.99,2194.1,26160384
2019-11-04,2208.61,2264.06,2208.61,2264.06,30023628
2019-11-05,2263.6,2279.64,2257.69,2272.45,23389924
2019-11-06,2267.95,2269.98,2255.34,2255.34,17542217
2019-11-07,2260.78,2277.18,2260.78,2272.17,26649994
2019-11-08,2269.51,2269.51,2252.85,2255.46,31730968
2019-11-12,2259.75,2266.23,2245.4,2248.81,26636582
2019-11-13,2250.07,2250.31,2228.03,2235.52,33577800
2019-11-14,2235.67,2245.84,2223.56,2226.15,22560490
2019-11-15,2225.99,2238.11,2225.77,2233.87,13701198
2019-11-18,2239.37,2244.64,2220.25,2229.92,18060604
2019-11-19,2230.15,2232.47,2201.64,2207.25,21477461
2019-11-20,2204.41,2204.41,2175.68,2194.58,20561742
2019-11-21,2192.19,2192.19,2164.04,2179.53,20451018
2019-11-22,2179.44,2198.56,2176.33,2188.24,18022561
2019-11-25,2191.79,2204.09,2191.79,2197.54,16689797
2019-11-26,2199.69,2199.69,2177.73,2190.58,60977882
2019-11-27,2192.17,2196.5,2175.07,2181.33,17171821
2019-11-28,2178.33,2178.33,2159.9,2169.09,12147615
2019-11-29,2164.72,2170.47,2154.94,2158.94,14547586
2019-12-02,2163.48,2168.85,2121.16,2122.3,25649378
2019-12-03,2122.97,2123.47,2088.77,2089.92,21505028
2019-12-04,2093.25,2113.13,2078.1,2081.89,24257697
2019-12-05,2088,2103.69,2078.98,2092.12,22123687
2019-12-06,2087.82,2088.62,2055.68,2073.11,42639852
2019-12-09,2073.42,2073.42,2051.04,2066.55,17670932
2019-12-10,2066.43,2070.22,2040.78,2054.11,18788888
2019-12-11,2056.17,2064.5,2034.48,2047.34,23865513
2019-12-12,2056.35,2102.19,2055.54,2102.19,28647605
2019-12-13,2112.27,2123.34,2103.58,2106.51,27117185
2019-12-16,2107.39,2120.23,2104.16,2112.93,22019873
2019-12-17,2115.87,2139.47,2114.19,2132.25,32730028
2019-12-18,2137.7,2137.7,2112.21,2131.85,30289630
2019-12-19,2132.53,2134.36,2123.81,2133.72,21895451
2019-12-20,2131.61,2138.37,2123.99,2128.04,57317354
2019-12-23,2128.71,2142.91,2124.87,2142.54,15089151
2019-12-27,2145.77,2167.47,2145.77,2151.74,12081456
2019-12-30,2151.48,2160.23,2147.58,2150.09,11041276
2020-01-02,2161.55,2200.57,2161.42,2200.1,21369888
2020-01-03,2192.31,2192.31,2159.03,2173.97,20627251
2020-01-07,2171.72,2176.8,2143.11,2145.01,19556434
2020-01-08,2140.29,2140.29,2114.24,2115.99,20739943
2020-01-09,2132.02,2157.61,2132.02,2157.61,19887696
2020-01-10,2161.6,2167.91,2150.83,2167.91,16496395
2020-01-13,2170.86,2194.42,2167.33,2194.42,22067379
2020-01-14,2194.88,2194.88,2174.44,2182.96,29388336
2020-01-15,2180.55,2183.85,2158.36,2165.08,22745340
2020-01-16,2170.39,2179.43,2163.83,2173.74,20756877
2020-01-17,2172.14,2181.62,2147.94,2175.95,19782963
2020-01-20,2178.31,2183.84,2173.92,2178.06,15631644
2020-01-21,2174.93,2174.93,2152.62,2158.04,18927569
2020-01-22,2168.44,2172.76,2144.68,2146.56,27440004
2020-01-23,2144.56,2159.55,2141.62,2148.41,22561743
2020-01-24,2150.57,2166.31,2150.57,2154.28,17630461
2020-01-27,2141.68,2141.68,2083.69,2083.79,20984119
2020-01-28,2089.16,2105.76,2083.54,2098.04,17437951
2020-01-29,2099.3,2114.31,2090.41,2098.18,25644144
2020-01-30,2078.74,2093.68,2064.09,2079.98,23189128
2020-01-31,2085.41,2087.93,2052.68,2065.9,38290087
2020-02-03,2062.33,2077.58,2050.91,2072.88,25394120
2020-02-04,2082.19,2115.25,2081.81,2106.63,32249751
2020-02-05,2106.64,2133.91,2102.45,2122.91,21929283
2020-02-06,2128.24,2138.87,2105.59,2111.76,23411969
2020-02-07,2107.43,2110.2,2092.36,2110.2,18963173
2020-02-10,2108.67,2112.78,2087.72,2092.89,16134600
2020-02-11,2099.2,2114.89,2094.39,2107.4,21356120
2020-02-12,2120.01,2132.78,2115.92,2126.31,21380076
2020-02-13,2125.22,2125.22,2096.14,2120.07,19110037
2020-02-14,2126.64,2131.28,2111.22,2115.29,20893159
2020-02-17,2125.14,2131.6,2117.45,2121.14,14217981
2020-02-18,2112.15,2118.48,2103.76,2113.49,13882294
2020-02-19,2116.32,2122.67,2097.07,2115.18,21465468
2020-02-20,2115.39,2116.08,2098.12,2099.88,20482243
2020-02-21,2095.8,2106.18,2084.55,2088.53,16533483
2020-02-24,2070.66,2070.66,1997.84,2000.9,25032229
2020-02-25,2000.65,2007.34,1945.71,1945.71,32357249
2020-02-26,1942.66,1957.64,1906.06,1933.51,33550737
2020-02-27,1926.15,1927.44,1833.92,1850.61,33425936
2020-02-28,1817.79,1817.79,1735.37,1768.91,70088832
2020-03-02,1807.25,1840.57,1765.43,1807.7,40207534
2020-03-03,1827.36,1906.87,1827.36,1889.67,39063455
2020-03-04,1882.71,1894.23,1857.9,1860.95,28135069
2020-03-05,1879.11,1893.88,1822.76,1822.85,25502227
2020-03-06,1808.36,1808.36,1749.7,1764.81,34436845
2020-03-09,1685.28,1697.38,1609.08,1625.99,40494707
2020-03-10,1643.34,1657.09,1594.07,1599.48,39334266
2020-03-11,1607.3,1616.03,1495.87,1505.64,44940270
2020-03-12,1450.71,1450.71,1305.73,1305.73,57193099
2020-03-13,1334.37,1442.72,1315.96,1365.97,74136137
2020-03-16,1342.4,1356.01,1248.77,1341.54,64568981
2020-03-17,1370.79,1446.74,1355.07,1429.28,81569696
2020-03-18,1425.27,1465.58,1376.75,1401.29,78265426
2020-03-19,1406.71,1469.43,1386.83,1469.43,51612015
2020-03-20,1502.14,1547.74,1476.65,1488.42,109516157
2020-03-23,1461.22,1463.93,1400.71,1405.45,43978401
2020-03-24,1449.34,1473.02,1424.14,1451.02,37402637
2020-03-25,1487.75,1505.79,1413.22,1441.83,47382329
2020-03-26,1431.53,1492.87,1410.91,1492.01,36791461
2020-03-27,1494.31,1499.62,1465.48,1475.9,33221292
2020-03-30,1482.1,1484.62,1443.16,1477.65,28425038
2020-03-31,1486.89,1523.49,1484.33,1512.84,59768681
2020-04-01,1495.43,1500.43,1473.64,1482.42,36501160
2020-04-02,1490.41,1501.33,1464.86,1491.55,48115276
2020-04-03,1492.1,1509.07,1474.44,1506.48,49706290
2020-04-06,1534.81,1585.04,1534.81,1581.05,45607978
2020-04-07,1602.14,1655.29,1602.14,1603.5,64702693
2020-04-08,1602.33,1619.63,1567.84,1579.18,55926360
2020-04-09,1596.79,1619.77,1579.72,1615.72,50387984
2020-04-14,1631.5,1664.53,1625.89,1662.4,46442620
2020-04-15,1669.23,1673.58,1602.31,1606.21,50591639
2020-04-16,1610.81,1617.55,1589.83,1597.9,43492790
2020-04-17,1618.42,1633.53,1612.01,1625.59,41660521
2020-04-20,1629.69,1643.87,1604.98,1640.06,28317660
2020-04-21,1631.4,1631.4,1572.05,1573.44,33518434
2020-04-22,1574.07,1609.82,1554.34,1605.12,32625994
2020-04-23,1609.41,1626.82,1589.64,1626.1,30890017
2020-04-24,1617.91,1627.49,1601.91,1601.91,26303916
2020-04-27,1614.29,1624.69,1580.48,1591.97,34025549
2020-04-28,1590.34,1622.8,1579.94,1594.25,37309050
2020-04-29,1601.65,1656.4,1600.78,1651.33,35813382
2020-04-30,1661.23,1682.13,1636.35,1648.68,46692062
2020-05-04,1630.24,1630.24,1597.7,1600.65,23786804
2020-05-05,1609.04,1616.34,1591.58,1598.84,22424621
2020-05-06,1604.6,1606.44,1565.07,1567.98,34612015
2020-05-07,1572.16,1602.76,1559.06,1587.35,21763522
2020-05-08,1600.54,1614.18,1599.51,1606.5,15375851
2020-05-11,1614.21,1619.36,1581.5,1587.31,17939326
2020-05-12,1589.69,1624.52,1584.01,1622.51,29571887
2020-05-13,1615.9,1634.77,1607,1614.32,24392087
2020-05-14,1605.68,1605.68,1559.52,1579.16,26391998
2020-05-15,1585.51,1597.04,1568.38,1572.55,18369715
2020-05-18,1585.92,1639.08,1585.92,1639.08,29449606
2020-05-19,1651.08,1658.34,1629.29,1640.18,24494948
2020-05-20,1640.26,1662.2,1634.44,1652.64,24022509
2020-05-21,1651.03,1653.92,1636.24,1637.84,22155298
2020-05-22,1632.27,1635.98,1617.76,1630.44,19967851
2020-05-25,1639.26,1650.39,1634.34,1644.74,12109905
2020-05-26,1657.26,1712.64,1657.26,1709.71,58196613
2020-05-27,1713.73,1763.02,1705.09,1707.59,59902537
2020-05-28,1722.43,1757.78,1694.6,1718.45,59312587
2020-05-29,1718.19,1722.65,1699.32,1722.65,76818422
2020-06-01,1733.13,1749.58,1722.77,1733.52,36707001
2020-06-02,1735.86,1739.48,1722.5,1736.36,48471712
2020-06-03,1741.91,1780.86,1741.36,1766.85,61762561
2020-06-04,1765.6,1786.58,1755.73,1786.58,48701312
2020-06-05,1794.38,1847.95,1794.38,1842.47,59248870
2020-06-08,1842.22,1852.69,1813.02,1841.25,47827333
2020-06-09,1848.11,1856.66,1811.96,1835.59,63659384
2020-06-10,1840.1,1846.29,1817.06,1841.18,99913864
2020-06-12,1792.35,1812.33,1754.16,1788.83,89471276
2020-06-15,1767.35,1767.35,1735.27,1741.47,89293321
2020-06-16,1765.17,1811.7,1765.17,1798,66678393
2020-06-17,1807.91,1812.65,1780.94,1787.81,50197464
2020-06-18,1787.9,1804.13,1780.45,1795.86,75865507
2020-06-19,1791.68,1809.23,1791.68,1807.85,91765353
2020-06-22,1805.25,1807.19,1786.99,1797.05,43852662
2020-06-23,1807.1,1847.33,1806.21,1825.99,44376322
2020-06-24,1830.39,1836.89,1784.23,1784.23,38481948
2020-06-25,1781.84,1798.8,1759.21,1793.36,33804564
2020-06-26,1799.33,1800.49,1759.37,1759.43,27866129
2020-06-29,1758.46,1771.21,1750.91,1769.47,32076105
2020-06-30,1770.24,1777.07,1754.41,1758.82,33776211
2020-07-01,1760.72,1774.79,1739.93,1772.38,30478139
2020-07-02,1778.45,1809.74,1778.45,1804.01,36329707
2020-07-03,1811.07,1812.22,1796.23,1800.96,15910650
2020-07-06,1820.81,1833.77,1808.34,1818.55,21278639
2020-07-07,1816.46,1816.46,1794.61,1800.93,21869632
2020-07-08,1797.88,1797.88,1780.87,1788.22,18721169
2020-07-09,1791.68,1802.31,1789.08,1791.68,23146063
2020-07-10,1781.84,1797.27,1772.5,1797.27,19017746
2020-07-13,1806.55,1814.47,1799.91,1801.64,22254102
2020-07-14,1797.85,1798.4,1763.64,1771.7,37539275
2020-07-15,1783.18,1798.58,1779.98,1794.78,31622756
2020-07-16,1791.04,1799.18,1780.17,1799.08,24143168
2020-07-17,1800.7,1800.7,1785.44,1796.04,28251410
2020-07-20,1795.09,1840.6,1789.04,1840.6,43201680
2020-07-21,1852.56,1884.22,1840.87,1845.34,63348457
2020-07-22,1844.74,1847,1830.61,1830.61,28036885
2020-07-23,1837.64,1842.84,1817.78,1820.25,22437877
2020-07-24,1809.5,1810.65,1790.53,1810.33,20018033
2020-07-27,1811.4,1833.8,1805.84,1830.87,29472596
2020-07-28,1831.03,1841.46,1806.06,1823.52,33304887
2020-07-29,1819.4,1828.24,1804.21,1824.53,26311655
2020-07-30,1827.17,1827.17,1762.74,1763.22,38548780
2020-07-31,1767.31,1793.13,1765.42,1767.54,36031300
2020-08-03,1769.31,1815.5,1768.56,1804.38,20034373
2020-08-04,1813.7,1831.17,1804.3,1811.46,20228370
2020-08-05,1819.96,1844.2,1819.96,1833.2,24197285
2020-08-06,1834.67,1841.68,1810.63,1818.64,19951007
2020-08-07,1818.62,1824.29,1809.07,1817.23,21923481
2020-08-10,1822.48,1832.65,1812.95,1823.15,16618758
2020-08-11,1830.21,1857.95,1822.13,1847.73,23937974
2020-08-12,1848.54,1856.84,1839.14,1855.86,17234179
2020-08-13,1856.65,1881.46,1854.78,1858.35,14609934
2020-08-14,1857.47,1857.47,1840.77,1856.56,10708465
2020-08-17,1856.46,1865.94,1844.3,1862.12,12788540
2020-08-18,1859.11,1859.11,1837.2,1840.33,19937166
2020-08-19,1838.62,1847.84,1831.01,1833.22,14295005
2020-08-20,1829.52,1829.52,1811.88,1815.03,12587398
2020-08-21,1824.52,1831.28,1813.79,1820.6,13127705
2020-08-24,1830.14,1843.75,1827.39,1841.46,13217103
2020-08-25,1847.98,1858.14,1820.34,1821.29,14759246
2020-08-26,1817.91,1848.77,1815.16,1848.35,14166893
2020-08-27,1846.42,1854.84,1833.9,1846.5,13555934
2020-08-28,1842.36,1850.46,1826.96,1829.79,13671826
2020-08-31,1832.66,1839.06,1793.96,1800.21,33678644
2020-09-01,1803.77,1807.77,1768.12,1772.61,30289284
2020-09-02,1777.15,1796.8,1777.15,1785.44,32157278
2020-09-03,1787.62,1805.22,1764.04,1769.19,26372468
2020-09-04,1754.65,1773.65,1743.89,1758.11,19736509
2020-09-07,1765.37,1780.44,1761.96,1772.85,16043227
2020-09-08,1778.86,1781.04,1720.07,1733.88,33898058
2020-09-09,1735.58,1775.98,1735.58,1773.37,22514088
2020-09-10,1776.48,1783.39,1751.06,1764.86,17665600
2020-09-11,1767.42,1777.91,1764.66,1772.89,15962793
2020-09-14,1783.55,1787.9,1757.93,1758.65,20624696
2020-09-15,1760.55,1764.38,1737.55,1743.93,32465157
2020-09-16,1746.94,1750.73,1731.28,1738.1,27367678
2020-09-17,1736.81,1745.87,1714.95,1745.73,31087178
2020-09-18,1745.91,1751.25,1729.3,1731.76,48976787
2020-09-21,1724.89,1753.5,1682.26,1682.26,51949697
2020-09-22,1689.6,1704.4,1682.55,1693.09,31717311
2020-09-23,1701.26,1712.27,1684.92,1685.4,25995393
2020-09-24,1677.73,1679.59,1657.57,1665.96,24207229
2020-09-25,1666.65,1678.51,1658.33,1674.14,44107627
2020-09-28,1686.57,1738.44,1686.57,1738.44,37983678
2020-09-29,1737.48,1737.48,1718.21,1718.21,21346383
2020-09-30,1713.01,1719.15,1700.49,1712.73,25682893
2020-10-01,1719.55,1723.85,1687.54,1694.18,22310007
2020-10-02,1690.04,1704.58,1675.2,1697.39,18298699
2020-10-05,1710.14,1739.17,1710.14,1731.85,20264194
2020-10-06,1739.86,1749.28,1733.17,1735.45,26458687
2020-10-07,1736.62,1741.18,1715.75,1736.61,23829671
2020-10-08,1742.29,1746.68,1711.56,1719.91,22047535
2020-10-09,1718.45,1718.45,1679.01,1698.91,27423797
2020-10-12,1701.76,1707.3,1681.87,1683.21,25089668
2020-10-13,1685.25,1685.25,1659.1,1660.12,26031951
2020-10-14,1658.04,1691.64,1657.9,1670.26,33451091
2020-10-15,1660.64,1660.64,1625.1,1627.59,31769308
2020-10-16,1635.02,1665.8,1635.02,1655.36,37750985
2020-10-19,1663.75,1681.74,1640.82,1648.11,22941451
2020-10-20,1647.95,1667.16,1638.2,1656.34,23654536
2020-10-21,1656.97,1663.23,1634.28,1641.42,21076142
2020-10-22,1634.69,1664.37,1627.13,1642.7,27413508
2020-10-23,1643.34,1661.16,1638.76,1645.32,61467814
2020-10-26,1635.49,1645.46,1627.61,1631.66,21450891
2020-10-27,1635.42,1653.11,1612.59,1625.54,29281825
2020-10-28,1605.43,1610.05,1534.87,1549.74,39349601
2020-10-29,1557.47,1567.72,1529.15,1542.76,36970182
2020-10-30,1528.78,1535.27,1496.76,1515.97,40057456
2020-11-02,1526.2,1563.93,1526.2,1556.14,35369810
2020-11-03,1564.86,1636.9,1564.75,1636.28,42706867
2020-11-04,1622.29,1641.78,1590.72,1640.94,32893579
2020-11-05,1654.61,1678.4,1649.07,1670.43,29239154
2020-11-06,1665.72,1702.98,1654.6,1697.49,29419624
2020-11-09,1707.52,1788.27,1697.78,1765.71,59970055
2020-11-10,1768.9,1794.79,1741.62,1779.34,55221876
2020-11-12,1777.24,1791.08,1761.91,1771.49,52043843
2020-11-13,1768.19,1768.51,1743.81,1749.41,25817243
2020-11-16,1764.1,1799.36,1764.1,1799.02,46540695
2020-11-17,1797.57,1801.73,1775.91,1793.56,38779648
2020-11-18,1792.17,1812.8,1787.08,1810.43,31034452
2020-11-19,1803.49,1806.98,1782.02,1789.79,25264725
2020-11-20,1788.48,1821.3,1780.11,1820.85,24018420
2020-11-23,1835.53,1860.73,1823.32,1832.04,26237893
2020-11-24,1841.11,1861.39,1831.12,1859.42,26738682
2020-11-25,1866.15,1866.15,1840.63,1860.15,28023478
2020-11-26,1865.67,1873.96,1844.11,1849.57,17687253
2020-11-27,1846.73,1853.78,1834.69,1852.69,20434292
2020-11-30,1845.96,1851.37,1817.83,1830.04,70547131
2020-12-01,1844.33,1871.17,1844.33,1853.38,26822976
2020-12-02,1855.33,1899.37,1845.44,1897.97,27335738
2020-12-03,1900.94,1903.32,1880.22,1890.11,29798820
2020-12-04,1894.4,1952.28,1894.35,1947.68,28408098
2020-12-07,1949.61,1965.92,1926.87,1958.53,32118759
2020-12-08,1941.14,1970.27,1933.68,1970.27,33485126
2020-12-09,1976.65,2023.91,1976.65,1994.12,57962389
2020-12-10,1995.63,2008.96,1975.26,1984,40469559
2020-12-11,1985.51,1992.09,1927.53,1950.85,38524912
2020-12-14,1956.48,1961.77,1916.03,1939.07,34170734
2020-12-15,1938.79,1963.56,1933.23,1955.69,27794678
2020-12-16,1963.84,1996.4,1963.84,1985.26,34099333
2020-12-17,1997.91,2014.44,1949.99,1975.76,43583349
2020-12-18,1981.62,1983.94,1947.14,1952.54,61279348
2020-12-21,1929.14,1935.22,1851.23,1888.8,39620662
2020-12-22,1896.48,1931.66,1896.29,1928.4,19823032
2020-12-23,1934.03,1958.16,1927.07,1955.84,18891251
2020-12-28,1969.45,2005.62,1969.45,2004.41,24154610
2020-12-29,2015.02,2033.03,2002.58,2016.01,19087767
2020-12-30,2019.48,2019.48,1982.15,1983.98,24178229
2021-01-04,1994.28,2020.04,1991.46,2008.75,29391914
2021-01-05,2004.64,2031.72,1994.13,2009.12,29859492
2021-01-07,2040.48,2074.11,2028.43,2074.11,38310140
2021-01-08,2080.5,2095.67,2060.2,2072.74,42476821
2021-01-11,2067.33,2100.33,2043.05,2066.97,30637504
2021-01-12,2073.81,2086.11,2026.96,2043.73,25292386
2021-01-13,2050.24,2058.87,2009.42,2023.36,38715146
2021-01-14,2023.83,2037.57,2019.66,2031.71,25101624
2021-01-15,2026.35,2031.08,1969.41,1985.68,31251321
2021-01-18,1985.59,2023.74,1970.06,2023.74,32644709
2021-01-19,2034.26,2047.11,1980.12,1980.12,32703284
2021-01-20,1983.49,1998.43,1960.82,1986.09,26554080
2021-01-21,1997.58,2007.64,1948.97,1953.49,25603661
2021-01-22,1945.01,1965.14,1934.61,1952.67,21137609
2021-01-25,1961.37,1966.76,1927.45,1945.78,22893278
2021-01-26,1936.78,1988.24,1932.69,1981.98,28113053
2021-01-27,1981.07,1998.12,1916.09,1929.21,40978113
2021-01-28,1913.71,1992.75,1885.24,1987.83,37513695
2021-01-29,1965.76,1985.52,1938.85,1948.01,37304929
2021-02-01,1960.96,1975.94,1945.82,1967.72,23103200
2021-02-02,1973.17,1981.43,1942.6,1954.02,24581125
2021-02-03,1961.77,1973.74,1934.98,1940.69,24774710
2021-02-04,1945.6,1961.12,1924.95,1927.02,20882741
2021-02-05,1937.72,1971.28,1934.96,1957.73,19158536
2021-02-08,1970.16,1975.67,1948.48,1952.1,21296631
2021-02-09,1954.67,1958.14,1935.49,1941.6,18996916
2021-02-10,1947.63,1954.36,1910.15,1917.54,18762570
2021-02-11,1922.62,1961.69,1922.62,1954.92,19738332
2021-02-12,1951.43,1953.69,1919.72,1937.07,15010320
2021-02-15,1946.97,1980.77,1946.97,1974.82,16077432
2021-02-16,1977.89,2022.16,1976.58,2004.54,32788225
2021-02-17,2005.98,2008.2,1980.26,1986.8,28844185
2021-02-18,1990.16,2020.46,1978.88,1980.77,34651110
2021-02-19,1985.99,1998.69,1971.8,1985.31,28897488
2021-02-22,1978.7,1978.7,1958.36,1961.62,23606217
2021-02-23,1969.01,1976.38,1896.36,1922.59,31468184
2021-02-24,1926.18,1954.22,1924.64,1937.9,27510835
2021-02-25,1955.61,1967.63,1936.13,1936.47,32921467
2021-02-26,1912.25,1928.9,1888.55,1907.28,54393669
2021-03-01,1925.94,1950.47,1917.58,1949.57,29771537
2021-03-02,1947.45,1969.69,1938.13,1959.52,28968252
2021-03-03,1963.17,1989.78,1936.22,1943.24,29320923
2021-03-04,1935.36,1951.02,1914.5,1944.86,28794383
